Fujifilm XF 400mm F4.5 R LM OIS WR	fujifilm	2026-09-04	lenses	FujifilmX	400mm
Leica Summicron-M 66 F2	leica	2026-09-03	lenses	LeicaM	66mm
7Artisans AF 10mm F2.5 Max	7artisans	2026-08-26	lenses	LeicaSL|NikonZ|SonyE	10mm
Sony FE 100-400mm F5.6-8 OSS	sony	2026-08-04	lenses	SonyE	100-400mm
Viltrox AF 26mm F2.8 Evo	viltrox	2026-07-15	lenses	NikonZ|SonyE	26mm
Sony Cyber-Shot DSC-RX10 V	sony	2026-07-09	compacts		
Leica SL3-P	leica	2026-06-25	slrs		
Leica APO-Macro-Elmarit-SL 100mm F2.8	leica	2026-06-25	lenses	LeicaSL	100mm
Leica Summilux-SL 50mm F1.4 ASPH 2026	leica	2026-06-25	lenses	LeicaSL	50mm
Viltrox AF 75mm F1.8 Evo	viltrox	2026-06-08	lenses	FujifilmX|NikonZ|SonyE	75mm
Viltrox AF 90mm F2.2 Evo	viltrox	2026-06-08	lenses	FujifilmX|NikonZ|SonyE	90mm
7Artisans AF 135mm F1.8 Max	7artisans	2026-05-20	lenses	LeicaSL|NikonZ|SonyE|SonyFE	135mm
Sony a7R VI	sony	2026-05-13	slrs		
Sony FE 100-400mm F4.5 GM OSS	sony	2026-05-13	lenses	SonyE|SonyFE	100-400mm
Canon EOS R6 V	canon	2026-05-13	slrs		
Canon RF 20-50mm F4 L IS USM PZ	canon	2026-05-13	lenses	CanonRF|CanonRFS	20-50mm
Panasonic Lumix DC-L10	panasonic	2026-05-12	compacts		
Thypoch Voyager 24-50mm F2.8	thypoch	2026-04-28	lenses	SonyE|SonyFE	24-50mm
Panasonic Lumix S 40mm F2	panasonic	2026-04-21	lenses	LeicaSL	40mm
Viltrox AF 35mm F1.8 II	viltrox	2026-04-20	lenses	NikonZ|SonyE|SonyFE	35mm
Viltrox AF 55mm F1.8 Evo	viltrox	2026-04-20	lenses	NikonZ|SonyE|SonyFE	55mm
LK Samyang AF 35mm F1.8 P	samyang-rokinon	2026-03-25	lenses	SonyE|SonyFE	35mm
Panasonic Lumix DC-ZS300	panasonic	2026-03-24	compacts		
Sigma 85mm F1.2 DG Art	sigma	2026-02-25	lenses	LeicaSL|SonyE|SonyFE	85mm
Zeiss Otus ML 35mm F1.4	zeiss	2026-02-24	lenses	CanonRF|CanonRFS|NikonZ|SonyE|SonyFE	35mm
Sigma 15mm F1.4 DC Contemporary	sigma	2026-02-24	lenses	CanonRFS|FujifilmX|SonyE	15mm
Sigma 35mm F1.4 DG II Art	sigma	2026-02-24	lenses	LeicaSL|SonyE|SonyFE	35mm
Tamron 35-100mm F2.8 Di III VXD	tamron	2026-02-18	lenses	NikonZ|SonyE|SonyFE	35-100mm
Canon RF 14mm F1.4 VCM L	canon	2026-02-04	lenses	CanonRF|CanonRFS	14mm
Canon RF 7-14mm F2.8-3.5 L Fisheye STM	canon	2026-02-04	lenses	CanonRF|CanonRFS	7-14mm
Leica M 35mm F1.2 Noctilux Asph.	leica	2026-01-29	lenses	LeicaM	35-undefinedmm
Sony FE 28-70mm F3.5-5.6 OSS II	sony	2025-12-02	lenses	SonyE|SonyFE	28-70mm
Sony a7 V	sony	2025-12-02	slrs		
Laowa 35mm F2.8 Zero-D Tilt-Shift 0.5x Macro	laowa-venus-optics	2025-11-25	lenses	CanonRF|FujifilmG|LeicaSL|NikonZ|SonyFE	35-undefinedmm
Leica Q3 Monochrom	leica	2025-11-20	compacts		
Meike 85mm F1.8 SE II	meike	2025-11-12	lenses	LeicaSL|NikonZ|SonyE|SonyFE	85mm
Canon EOS R6 Mark III	canon	2025-11-06	slrs		
Canon RF 45mm F1.2 STM	canon	2025-11-06	lenses	CanonRF|CanonRFS	45mm
Leica M EV1	leica	2025-10-23	slrs		
Fujifilm X-T30 III	fujifilm	2025-10-23	slrs		
Fujifilm XC 13-33mm F3.5-6.3 OIS	fujifilm	2025-10-23	lenses	FujifilmX	13-33mm
Tamron 25-200mm F2.8-5.6 Di III VXD G2	tamron	2025-10-21	lenses	SonyE|SonyFE	25-200mm
Ricoh GR IV HDF	ricoh	2025-10-20	compacts		
Ricoh GR IV Monochrome	ricoh	2025-10-20	compacts		
Viltrox AF 85mm F2.0 Evo	viltrox	2025-10-20	lenses	SonyFE	
Viltrox AF 50mm F1.4 Pro	viltrox	2025-10-16	lenses	NikonZ|SonyFE	50mm
Nikon Nikkor Z DX 16-50mm F2.8 VR	nikon	2025-10-16	lenses	NikonZ	16-50mm
Nikon Nikkor Z DX Micro 35mm F1.7	nikon	2025-10-16	lenses	NikonZ	35-undefinedmm
Laowa 200mm F2 AF FF	laowa-venus-optics	2025-10-15	lenses	CanonEF|CanonEFS|NikonZ|SonyE|SonyFE	200-undefinedmm
Camera Intelligence Caira		2025-10-11	slrs		
Sirui Aurora 35mm F1.4	sirui	2025-10-10	lenses	FujifilmX|LeicaSL|NikonZ|SonyE|SonyFE	35-undefinedmm
Sony FE 100mm F2.8 Macro GM	sony	2025-09-30	lenses	SonyE|SonyFE	100mm
Panasonic Lumix S 100-500mm F5-7.1 OIS	panasonic	2025-09-24	lenses	LeicaSL	100-500mm
Viltrox AF 14mm F4.0 Air	viltrox	2025-09-19	lenses	NikonZ|SonyFE	14-undefinedmm
Viltrox AF 9mm F2.8 Air	viltrox	2025-09-19	lenses	NikonZ|SonyE	9-undefinedmm
Laowa 180mm F4.5 1.5X Ultra Macro APO	laowa-venus-optics	2025-09-16	lenses	CanonEF|CanonEFS|CanonRF|CanonRFS|LeicaSL|SonyE|SonyFE	180-undefinedmm
OM System M.Zuiko Digital ED 50-200mm F2.8 IS Pro	om-system-olympus	2025-09-10	lenses	MicroFourThirds	50-200mm
Nikon ZR	nikon	2025-09-10	slrs		
Canon PowerShot ELPH 360 HS A	canon	2025-09-09	compacts		
Canon RF 85mm F1.4 L VCM	canon	2025-09-09	lenses	CanonRF|CanonRFS	85mm
Sigma 135mm F1.4 DG Art	sigma	2025-09-09	lenses	LeicaSL|SonyE|SonyFE	135mm
Sigma 20-200mm F3.5-6.3 DG Contemporary	sigma	2025-09-09	lenses	LeicaSL|SonyE|SonyFE	20-200mm
Sigma 35mm F1.2 DG II Art	sigma	2025-09-09	lenses	LeicaSL|SonyE|SonyFE	35mm
7Artisans AF 35mm F1.8	7artisans	2025-09-05	lenses	LeicaSL|NikonZ|SonyE|SonyFE	35mm
Viltrox AF 56mm F1.2 Pro	viltrox	2025-09-01	lenses	FujifilmX|SonyE	
Hasselblad X2D II 100C	hasselblad	2025-08-26	slrs		
Hasselblad XCD 35-100mm F2.8-4 E	hasselblad	2025-08-26	lenses	HasselbladX	35-100mm
Nikon Nikkor Z 24-70mm F2.8 S II	nikon	2025-08-22	lenses	NikonZ	24-70mm
Sigma 200mm F2 DG OS Sports	sigma	2025-08-19	lenses	LeicaSL|SonyE|SonyFE	200mm
Sigma 12mm F1.4 DC Contemporary	sigma	2025-08-19	lenses	CanonRFS|FujifilmX|SonyE	12mm
Viltrox AF 15mm F1.7 Air	viltrox	2025-07-30	lenses	FujifilmX|NikonZ|SonyE	15mm
Sony DSC-RX1R III	sony	2025-07-15	compacts		
Tamron 16-30mm F2.8 Di III VXD G2	tamron	2025-07-01	lenses	NikonZ|SonyE|SonyFE	16-30mm
Venus Laowa 12mm F2.8 Lite Zero-D FF	laowa-venus-optics	2025-06-26	lenses	CanonRF|CanonRFS|LeicaSL|NikonZ|SonyE|SonyFE	12-undefinedmm
OM System OM-5 II	om-system-olympus	2025-06-17	slrs		
Sigma 17-40mm F1.8 DC | Art	sigma	2025-06-17	lenses	CanonRFS|FujifilmX|LeicaSL|SonyE	17-40mm
Fujifilm X-E5	fujifilm	2025-06-12	slrs		
Fujifilm XF 23mm F2.8 R WR	fujifilm	2025-06-12	lenses	FujifilmX	23mm
Sony FX2	sony	2025-05-28	slrs		
7Artisans AF 24mm F1.8	7artisans	2025-05-27	lenses	SonyE|SonyFE	24mm
Fujifilm X half	fujifilm	2025-05-22	compacts		
Ricoh GR IV	ricoh	2025-05-21	compacts		
Panasonic Lumix DC-S1II	panasonic	2025-05-13	slrs		
Panasonic Lumix DC-S1IIE	panasonic	2025-05-13	slrs		
Panasonic Lumix S 24-60mm F2.8	panasonic	2025-05-13	lenses	LeicaSL	24-60mm
Canon RF 75-300mm f/4.0-5.6	canon	2025-04-29	lenses	CanonRF|CanonRFS	75-300mm
LK Samyang AF 14-24mm F2.8	samyang-rokinon	2025-04-22	lenses	LeicaSL|SonyE|SonyFE	14-24mm
Sony FE 50-150mm F2 GM	sony	2025-04-22	lenses	SonyE|SonyFE	50-150mm
Viltrox AF 35mm F1.2 Lab	viltrox	2025-04-16	lenses	NikonZ|SonyE|SonyFE	35mm
Nikon Z5II	nikon	2025-04-03	slrs		
Canon EOS R50 V	canon	2025-03-26	slrs		
Canon RF 20mm F1.4 L VCM	canon	2025-03-26	lenses	CanonRF|CanonRFS	20mm
Canon RF-S 14-30mm F4-6.3 IS STM PZ	canon	2025-03-26	lenses	CanonRFS	14-30mm
Fujifilm GFX100RF	fujifilm	2025-03-20	compacts		
Viltrox AF 50mm F2.0 Air	viltrox	2025-03-04	lenses	NikonZ|SonyE|SonyFE	50mm
Viltrox AF 85mm F1.4 Pro	viltrox	2025-03-04	lenses	NikonZ|SonyE|SonyFE	85mm
Viltrox AF 25mm F1.7 Air	viltrox	2025-02-28	lenses	FujifilmX|NikonZ|SonyE	25mm
Sony FE 16mm F1.8 G	sony	2025-02-26	lenses	SonyE|SonyFE	16mm
Sony FE 400-800mm F6.3-8 G	sony	2025-02-26	lenses	SonyE|SonyFE	400-800mm
Panasonic Lumix DC-S1RII	panasonic	2025-02-25	slrs		
Zeiss Otus ML 50mm F1.4	zeiss	2025-02-25	lenses	CanonRF|CanonRFS|NikonZ|SonyE|SonyFE	50mm
Zeiss Otus ML 85mm F1.4	zeiss	2025-02-25	lenses	CanonRF|CanonRFS|NikonZ|SonyE|SonyFE	85mm
Sigma BF	sigma	2025-02-23	slrs		
Sigma 16-300mm F3.5-6.7 DC OS	sigma	2025-02-23	lenses	CanonRFS|FujifilmX|LeicaSL|SonyE	16-300mm
Sigma 300-600mm F4 DG OS Sports	sigma	2025-02-23	lenses	LeicaSL|SonyFE	300-600mm
Leica Summilux-M 50mm F1.4 ASPH II	leica	2025-02-20	lenses	LeicaM	50-undefinedmm
Canon PowerShot V1	canon	2025-02-19	compacts		
Voigtlander Color-Skopar 35mm F3.5 Aspherical VM	voigtlander	2025-02-14	lenses	LeicaM	35-undefinedmm
OM System OM-3	om-system-olympus	2025-02-06	slrs		
OM System M.Zuiko Digital 17mm F1.8 II	om-system-olympus	2025-02-06	lenses	MicroFourThirds	17mm
OM System M.Zuiko Digital 25mm F1.8 II	om-system-olympus	2025-02-06	lenses	MicroFourThirds	25mm
OM System M.Zuiko Digital 100-400mm F5.0-6.3 IS II	om-system-olympus	2025-02-06	lenses	MicroFourThirds	100-400mm
Nikon Coolpix P1100	nikon	2025-02-04	compacts		
Nikon Nikkor Z 35mm F1.2 S	nikon	2025-02-04	lenses	NikonZ	35mm
Canon RF 16-28 F2.8 IS STM	canon	2025-01-22	lenses	CanonRF|CanonRFS	16-28mm
Leica SL3-S	leica	2025-01-16	slrs		
Voigtlander Nokton 28mm F1.5 Aspherical	voigtlander	2025-01-15	lenses	NikonZ|SonyE|SonyFE	28-undefinedmm
Viltrox AF 35mm F1.7 Air	viltrox	2024-12-18	lenses	FujifilmX|NikonZ|SonyE	35mm
Laowa 55mm F2.8 Tilt-Shift 1X Macro	laowa-venus-optics	2024-12-17	lenses	CanonRF|FujifilmG|LeicaSL|NikonZ|SonyFE	55-undefinedmm
Laowa 100mm F2.8 Tilt-Shift 1X Macro	laowa-venus-optics	2024-12-17	lenses	CanonRF|FujifilmG|LeicaSL|NikonZ|SonyFE	100-undefinedmm
Panasonic Lumix DC-G97	panasonic	2024-12-16	slrs		
Panasonic Lumix DC-ZS99	panasonic	2024-12-16	compacts		
LK Samyang AF 35mm F1.4 P	samyang-rokinon	2024-12-05	lenses	SonyE|SonyFE	35mm
Sony a1 II	sony	2024-11-19	slrs		
Sony FE 28-70mm F2 GM	sony	2024-11-19	lenses	SonyE|SonyFE	28-70mm
Meike AF 85mm f1.8 Pro STM	meike	2024-11-15	lenses	LeicaSL|NikonZ|SonyE	85mm
Hasselblad XCD 75mm F3.4 P	hasselblad	2024-11-07	lenses	HasselbladX	75mm
Nikon Z50II	nikon	2024-11-06	slrs		
Viltrox AF 135mm F1.8 Lab	viltrox	2024-11-04	lenses	NikonZ|SonyE|SonyFE	135mm
Nikon Nikkor Z 28-135mm F4 PZ	nikon	2024-10-30	lenses	NikonZ	28-135mm
Canon RF 70-200mm F2.8 L IS USM Z	canon	2024-10-30	lenses	CanonRF	70-200mm
Canon RF 24mm F1.4 L VCM	canon	2024-10-30	lenses	CanonRF	24-undefinedmm
Canon RF 50mm F1.4 L VCM	canon	2024-10-30	lenses	CanonRF	50-undefinedmm
Canon RF-S 7.8mm F4 STM Dual	canon	2024-10-30	lenses	CanonRF|CanonRFS	7.8-undefinedmm
Sirui Aurora 85mm F1.4	sirui	2024-10-25	lenses	FujifilmX|NikonZ|SonyE	85mm
Fujifilm X-M5	fujifilm	2024-10-14	slrs		
Fujifilm XF 16-55mm F2.8 R LM WR II	fujifilm	2024-10-14	lenses	FujifilmX	16-55mm
Fujifilm XF 500mm F5.6 R LM OIS WR	fujifilm	2024-10-14	lenses	FujifilmX	500mm
Panasonic S 18-40mm F4.5-6.3	panasonic	2024-10-08	lenses	LeicaSL	18-40mm
Viltrox AF 28mm F4.5 VCM	viltrox	2024-09-28	lenses	FujifilmX|LeicaSL|NikonZ|SonyE|SonyFE	28mm
Leica Q3 43	leica	2024-09-26	compacts		
Tamron 90mm F2.8 Di III Macro VXD	tamron	2024-09-26	lenses	NikonZ|SonyE	90mm
Canon RF 28-70mm F2.8 IS STM	canon	2024-09-12	lenses	CanonRF	28-70mm
Hasselblad XCD 20-35mm F3.2-4.5 E	hasselblad	2024-09-10	lenses	HasselbladX	20-35mm
Nikon Nikkor Z 50mm F1.4	nikon	2024-09-10	lenses	NikonZ	50mm
Canon EOS C80	canon	2024-09-09	slrs		
Leica Vario-Elmarit-SL 70–200 F2.8 ASPH	leica	2024-09-05	lenses	LeicaSL	70-200mm
Sigma 28-105mm F2.8 DG DN | Art	sigma	2024-09-05	lenses	LeicaSL|SonyE	28-105mm
Sony FE 85mm F1.4 GM II	sony	2024-08-28	lenses	SonyE|SonyFE	85mm
Ricoh G900 II	ricoh	2024-08-07	compacts		
Ricoh G900SE II	ricoh	2024-08-07	compacts		
Tamron 28-300mm F4-7.1 Di III VC VXD	tamron	2024-07-31	lenses	SonyE|SonyFE	28-300mm
Canon EOS R1	canon	2024-07-17	slrs		
Canon EOS R5 Mark II	canon	2024-07-17	slrs		
Sony ZV-E10 II	sony	2024-07-10	slrs		
Sony E 16-50mm F3.5-5.6 PZ OSS II	sony	2024-07-10	lenses	SonyE	16-50mm
Pixii Max	pixii	2024-07-03	slrs		
Panasonic Lumix DC-FZ80D	panasonic	2024-07-02	compacts		
Leica D-Lux 8	leica	2024-07-02	compacts		
Nikon Nikkor Z 35mm F1.4	nikon	2024-06-26	lenses	NikonZ	35mm
Nikon Z6III	nikon	2024-06-17	slrs		
Canon RF-S 3.9mm F3.5 STM Dual Fisheye	canon	2024-06-10	lenses	CanonRF|CanonRFS	3.9-undefinedmm
Tamron 50-300mm F/4.5-6.3 Di III VC VXD	tamron	2024-06-06	lenses	SonyE|SonyFE	50-300mm
Pentax WG-8	pentax	2024-06-05	compacts		
Panasonic Lumix DC-GH7	panasonic	2024-06-05	slrs		
Canon RF 35mm F1.4 L VCM	canon	2024-06-05	lenses	CanonRF|CanonRFS	35mm
Sigma 28-45mm F1.8 DG DN Art	sigma	2024-06-03	lenses	LeicaSL|SonyE|SonyFE	28-45mm
Panasonic Lumix DC-S9	panasonic	2024-05-22	slrs		
Panasonic Lumix S 26mm F8	panasonic	2024-05-22	lenses	LeicaSL	26mm
Sigma 24-70mm F2.8 DG DN II | Art	sigma	2024-05-16	lenses	LeicaSL|SonyE|SonyFE	24-70mm
Fujifilm X-T50	fujifilm	2024-05-16	slrs		
Fujifilm GFX 100S II	fujifilm	2024-05-16	slrs		
Fujifilm XF 16-50mm F2.8-4.8 R LM WR	fujifilm	2024-05-16	lenses	FujifilmX	16-50mm
Fujifilm GF 500mm F5.6 R LM OIS WR	fujifilm	2024-05-16	lenses	FujifilmG	500mm
Hasselblad XCD 25mm F2.5 V	hasselblad	2024-05-07	lenses	HasselbladX	25mm
Viltrox AF 16mm F1.8	viltrox	2024-05-07	lenses	LeicaSL|NikonZ|SonyE|SonyFE	16mm
Viltrox AF 40mm F2.5	viltrox	2024-04-25	lenses	NikonZ|SonyE|SonyFE	40mm
Sony FE 16-25mm F2.8 G	sony	2024-04-16	lenses	SonyE|SonyFE	16-25mm
Viltrox AF 56mm F1.7	viltrox	2024-04-05	lenses	FujifilmX|NikonZ|SonyE	56mm
Ricoh GR III HDF	ricoh	2024-03-27	compacts		
Ricoh GR IIIx HDF	ricoh	2024-03-27	compacts		
Nikon Nikkor Z 28-400mm F4-8 VR	nikon	2024-03-27	lenses	NikonZ	28-400mm
Sigma 50mm F1.2 DG DN | Art	sigma	2024-03-26	lenses	LeicaSL|SonyE|SonyFE	50mm
7Artisans AF 50mm F1.8	7artisans	2024-03-18	lenses	NikonZ|SonyE|SonyFE	50mm
Leica SL3	leica	2024-03-07	slrs		
Panasonic Lumix S 28-200mm F4-7.1 Macro OIS	panasonic	2024-02-22	lenses	LeicaSL	28-200mm
Sony FE 24-50mm F2.8 G	sony	2024-02-21	lenses	SonyE|SonyFE	24-50mm
Sigma 15mm F1.4 DG DN Art	sigma	2024-02-21	lenses	LeicaSL|SonyE|SonyFE	15mm
Sigma 500mm F5.6 DG DN OS Sports	sigma	2024-02-20	lenses	LeicaSL|SonyE|SonyFE	500mm
Fujifilm X100VI	fujifilm	2024-02-20	compacts		
OM System OM-1 Mark II	om-system-olympus	2024-01-30	slrs		
OM System 150-600mm F5.0-6.3	om-system-olympus	2024-01-30	lenses	MicroFourThirds	150-600mm
OM System 9-18mm F4.0-5.6 II	om-system-olympus	2024-01-30	lenses	MicroFourThirds	9-18mm
Panasonic Lumix S 100mm F2.8 Macro	panasonic	2024-01-08	lenses	LeicaSL	100mm
Pentax WG-90	pentax	2023-11-14	compacts		
Sony a9 III	sony	2023-11-07	slrs		
Sony FE 300mm F2.8 GM OSS	sony	2023-11-07	lenses		
Canon RF-S 10-18mm F4.5-6.3 IS STM	canon	2023-11-02	lenses	CanonRF|CanonRFS	10-18mm
Canon RF 24-105mm F2.8 L IS USM Z	canon	2023-11-02	lenses	CanonRF	24-105mm
Canon RF 200-800mm F6.3-9 IS USM	canon	2023-11-02	lenses	CanonRF	200-800mm
Viltrox AF 20mm F2.8	viltrox	2023-10-30	lenses	NikonZ|SonyE|SonyFE	20mm
Leica M11-P	leica	2023-10-26	slrs		
Leica Summicron-M 28mm F2 ASPH	leica	2023-10-26	lenses	LeicaM	28mm
Leica Super-APO-Summicron-SL 21mm F2 ASPH	leica	2023-10-19	lenses	LeicaSL	21mm
Leica Super-Vario-Elmarit-SL 14-24mm F2.8 ASPH	leica	2023-10-19	lenses	LeicaSL	14-24mm
Nikon Nikkor Z 600mm F6.3 VR S	nikon	2023-10-11	lenses	NikonZ	600mm
Canon RF 10-20mm F4 L IS STM	canon	2023-10-11	lenses	CanonRF	10-20mm
Sigma 10-18mm F2.8 DC DN	sigma	2023-10-05	lenses	CanonRF|FujifilmX|LeicaSL|SonyE	10-18mm
Sigma 70-200mm F2.8 DG DN OS | Sports	sigma	2023-10-05	lenses	LeicaSL|SonyFE	70-200mm
Nikon Nikkor Z 135mm F1.8 S Plena	nikon	2023-09-27	lenses	NikonZ	135mm
Viltrox AF 28mm F1.8	viltrox	2023-09-25	lenses	NikonZ|SonyE|SonyFE	28mm
Nikon Zf	nikon	2023-09-20	slrs		
Panasonic Leica DG Vario-Elmar 100-400mm F4.0-6.3 II ASPH Power OIS	panasonic	2023-09-13	lenses	MicroFourThirds	100-400mm
OM System Tough TG-7	om-system-olympus	2023-09-13	compacts		
Panasonic Lumix DC-G9 II	panasonic	2023-09-12	slrs		
Panasonic Leica DG Vario-Elmarit 35-100mm F2.8 Power OIS	panasonic	2023-09-12	lenses	MicroFourThirds	35-100mm
Fujifilm GFX 100 II	fujifilm	2023-09-12	slrs		
Fujifilm GF 55mm F1.7R WR	fujifilm	2023-09-12	lenses	FujifilmG	55mm
Fujifilm GF 30mm F5.6 T/S	fujifilm	2023-09-12	lenses	FujifilmG	30mm
Fujifilm GF 110mm F5.6 T/S Macro	fujifilm	2023-09-12	lenses	FujifilmG	110mm
Sony a7CR	sony	2023-08-29	slrs		
Sony a7C II	sony	2023-08-29	slrs		
Sony FE 16-35mm F2.8 GM II	sony	2023-08-29	lenses	SonyFE	16-35mm
Hasselblad XCD 28mm F4 P	hasselblad	2023-08-23	lenses	HasselbladX	28mm
Tamron 17-50mm F4 Di III VXD	tamron	2023-08-23	lenses	SonyE	17-55mm
Viltrox AF 27mm F1.2 Pro	viltrox	2023-08-09	lenses	FujifilmX|SonyE	27mm
Tamron 70-180mm F2.8 Di III VC VXD G2	tamron	2023-08-08	lenses	NikonZ|SonyE|SonyFE	70-180mm
Sony a6700	sony	2023-07-12	slrs		
Sony FE 70-200mm F4 G OSS II	sony	2023-07-12	lenses	SonyFE	70-200mm
Nikon Nikkor Z 70-180mm F2.8	nikon	2023-06-21	lenses	NikonZ	70-180mm
Nikon Nikkor Z 180-600mm F5.6-6.3 VR	nikon	2023-06-21	lenses	NikonZ	180-600mm
Sigma 14mm F1.4 DG DN	sigma	2023-06-08	lenses	LeicaSL|SonyE|SonyFE	14mm
Nikon Nikkor Z DX 24mm F1.7	nikon	2023-05-31	lenses	NikonZ	24mm
Leica Q3	leica	2023-05-25	compacts		
Fujifilm X-S20	fujifilm	2023-05-24	slrs		
Fujifilm XF 8mm F3.5 R WR	fujifilm	2023-05-24	lenses	FujifilmX	8mm
Canon EOS R100	canon	2023-05-24	slrs		
Canon RF 28mm F2.8 STM	canon	2023-05-24	lenses	CanonRF	28-undefinedmm
Sony ZV-1 Mark II	sony	2023-05-23	compacts		
HD Pentax-FA 50mm F1.4	pentax	2023-05-16	lenses	PentaxKAF	50-undefinedmm
smc Pentax-FA 50mm F1.4 Classic	pentax	2023-05-16	lenses	PentaxKAF	50-undefinedmm
Canon PowerShot V10	canon	2023-05-11	compacts		
Nikon Z8	nikon	2023-05-10	slrs		
Canon RF 100-300mm F2.8L IS USM	canon	2023-04-20	lenses	CanonRF	100-300mm
Nikon Nikkor Z DX 12-28mm F3.5-5.6 PZ VR	nikon	2023-04-18	lenses		12-28mm
Leica M11 Monochrom	leica	2023-04-13	slrs		
Leica Summilux-M 50mm F1.4 ASPH (2023)	leica	2023-04-13	lenses	LeicaM	50mm
Pentax K-3 Mark III Monochrome	pentax	2023-04-12	slrs		
Sigma 23mm F1.4 DC DN | C	sigma	2023-04-03	lenses	CanonRF|FujifilmX|LeicaSL|SonyE	23mm
Sigma 17mm F4 DG DN | C	sigma	2023-04-03	lenses	LeicaSL|SonyFE	17mm
Sigma 50mm F2 DG DN | C	sigma	2023-04-03	lenses	LeicaSL|SonyFE	50mm
Sony ZV-E1	sony	2023-03-29	slrs		
Leica Vario-Elmar-SL 100-400 f/5-6.3	leica	2023-03-09	lenses	LeicaSL	100-400mm
Sony FE 50mm F1.4 GM	sony	2023-02-21	lenses	SonyE|SonyFE	50mm
Leica Summicron-SL 35mm F2 ASPH	leica	2023-02-08	lenses	LeicaSL	35-undefinedmm
OM System M.Zuiko Digital ED 90mm F3.5 Macro IS Pro	om-system-olympus	2023-02-08	lenses	MicroFourThirds	90mm
Canon EOS R8	canon	2023-02-07	slrs		
Canon EOS R50	canon	2023-02-07	slrs		
Canon RF 24-50mm F4.5-6.3 IS STM	canon	2023-02-07	lenses	CanonRF	24-50mm
Canon RF-S 55-210mm F5.0-7.1 IS STM	canon	2023-02-07	lenses	CanonRF|CanonRFS	55-210mm
Sigma 50mm F1.4 DG DN Art	sigma	2023-02-07	lenses	LeicaSL|SonyFE	50mm
Sony FE 20-70mm F4 G	sony	2023-01-17	lenses	SonyE|SonyFE	20-70mm
Sigma 60-600mm F4.5-6.3 DG DN OS	sigma	2023-01-12	lenses	LeicaSL|SonyE	60-600mm
Nikon Nikkor Z 85mm F1.2 S	nikon	2023-01-04	lenses	NikonZ	85mm
Nikon Nikkor Z 26mm F2.8	nikon	2023-01-04	lenses	NikonZ	26mm
Panasonic Lumix DC-S5II	panasonic	2023-01-04	slrs		
Panasonic Lumix DC-S5IIX	panasonic	2023-01-04	slrs		
Panasonic LUMIX S 14-28mm F4-5.6 Macro	panasonic	2023-01-04	lenses	LeicaSL	14-28mm